Workbook

Sheet 总览
A1: 工作表 | B1: 内容 | C1: 默认参数/口径
A2: 参数 | B2: 统一调整敌我等级、抗性、减伤、击破状态，以及双暴收益基线。 | C2: 敌人等级默认 80，基础抗性默认 20%。
A3: 属性乘区 | B3: 展示攻击/生命/防御这类同区相加乘区的数值-收益曲线。 | C3: 每多 1% 属性加成的边际收益。
A4: 增伤乘区 | B4: 展示增伤区曲线。 | C4: 每多 1% 增伤的边际收益。
A5: 易伤乘区 | B5: 展示易伤区曲线。 | C5: 每多 1% 易伤的边际收益。
A6: 暴击率乘区 | B6: 在给定总暴伤基线下，观察暴击率的收益。 | C6: 总暴伤可在参数页调整。
A7: 暴击伤害乘区 | B7: 在给定总暴击率基线下，观察暴伤的收益。 | C7: 总暴击率可在参数页调整。
A8: 防御乘区 | B8: 按默认怪物等级 80，观察减防/无视防御的收益。 | C8: 攻击者等级、怪物等级都可调。
A9: 抗性乘区 | B9: 按可调的目标基础抗性，观察抗穿/减抗的收益。 | C9: 默认基础抗性 20%。
A10: 减伤乘区 | B10: 按可调的敌方减伤与击破状态，观察减伤乘区。 | C10: 未击破时额外乘 0.9 韧性减伤。

Sheet 参数
A1: 参数 | B1: 数值 | C1: 说明
A2: 攻击者等级 | B2: 80 | C2: 用于防御乘区，默认角色 80 级。
A3: 敌方等级 | B3: 80 | C3: 用于防御乘区，默认怪物 80 级。
A4: 目标基础抗性(%) | B4: 20 | C4: 用于抗性乘区，可改成 0 / 20 / 40 等常见值。
A5: 敌方额外减伤(%) | B5: 0 | C5: 用于减伤乘区。
A6: 是否已击破弱点 | B6: 否 | C6: 填“是”则取消默认 0.9 韧性减伤。
A7: 暴击率收益基线的总暴伤(%) | B7: 100 | C7: 例如总暴伤 100%，则每 1% 暴击率带来的期望收益按此折算。
A8: 暴伤收益基线的总暴击率(%) | B8: 70 | C8: 例如总暴击率 70%，则每 1% 暴伤带来的期望收益按此折算。
A9: 公式来源 | B9: Prydwen / Honkai: Star Rail Wiki Damage Formula | C9: 仅用于收益曲线工作簿的通用乘区分析。

Sheet 属性乘区
A1: 属性加成(%) | B1: 乘区系数 | C1: 每+1%边际收益 | E1: 说明
A2: 0 | B2: =1+A2/100 | C2: =B3/B2-1 | E2: 攻击%、生命%、防御% 这类同区相加的属性增幅，乘区系数统一按 1 + x 计算，边际收益会随当前区间越高而递减。
A3: 1 | B3: =1+A3/100 | C3: =B4/B3-1
A4: 2 | B4: =1+A4/100 | C4: =B5/B4-1
A5: 3 | B5: =1+A5/100 | C5: =B6/B5-1
A6: 4 | B6: =1+A6/100 | C6: =B7/B6-1
A7: 5 | B7: =1+A7/100 | C7: =B8/B7-1
A8: 6 | B8: =1+A8/100 | C8: =B9/B8-1
A9: 7 | B9: =1+A9/100 | C9: =B10/B9-1
A10: 8 | B10: =1+A10/100 | C10: =B11/B10-1
A11: 9 | B11: =1+A11/100 | C11: =B12/B11-1
A12: 10 | B12: =1+A12/100 | C12: =B13/B12-1
A13: 11 | B13: =1+A13/100 | C13: =B14/B13-1
A14: 12 | B14: =1+A14/100 | C14: =B15/B14-1
... A301: 299 | B301: =1+A301/100 | C301: =B302/B301-1
A302: 300 | B302: =1+A302/100

Sheet 增伤乘区
A1: 增伤(%) | B1: 乘区系数 | C1: 每+1%边际收益 | E1: 说明
A2: 0 | B2: =1+A2/100 | C2: =B3/B2-1 | E2: 增伤区按 1 + 增伤% 计算。图里同时给出当前区间下，再额外多 1% 增伤时的边际收益。
A3: 1 | B3: =1+A3/100 | C3: =B4/B3-1
A4: 2 | B4: =1+A4/100 | C4: =B5/B4-1
A5: 3 | B5: =1+A5/100 | C5: =B6/B5-1
A6: 4 | B6: =1+A6/100 | C6: =B7/B6-1
A7: 5 | B7: =1+A7/100 | C7: =B8/B7-1
A8: 6 | B8: =1+A8/100 | C8: =B9/B8-1
A9: 7 | B9: =1+A9/100 | C9: =B10/B9-1
A10: 8 | B10: =1+A10/100 | C10: =B11/B10-1
A11: 9 | B11: =1+A11/100 | C11: =B12/B11-1
A12: 10 | B12: =1+A12/100 | C12: =B13/B12-1
A13: 11 | B13: =1+A13/100 | C13: =B14/B13-1
A14: 12 | B14: =1+A14/100 | C14: =B15/B14-1
... A301: 299 | B301: =1+A301/100 | C301: =B302/B301-1
A302: 300 | B302: =1+A302/100

Sheet 易伤乘区
A1: 易伤(%) | B1: 乘区系数 | C1: 每+1%边际收益 | E1: 说明
A2: 0 | B2: =1+A2/100 | C2: =B3/B2-1 | E2: 易伤区同样按 1 + 易伤% 计算，可直接对比它与增伤区在不同区间的收益差异。
A3: 1 | B3: =1+A3/100 | C3: =B4/B3-1
A4: 2 | B4: =1+A4/100 | C4: =B5/B4-1
A5: 3 | B5: =1+A5/100 | C5: =B6/B5-1
A6: 4 | B6: =1+A6/100 | C6: =B7/B6-1
A7: 5 | B7: =1+A7/100 | C7: =B8/B7-1
A8: 6 | B8: =1+A8/100 | C8: =B9/B8-1
A9: 7 | B9: =1+A9/100 | C9: =B10/B9-1
A10: 8 | B10: =1+A10/100 | C10: =B11/B10-1
A11: 9 | B11: =1+A11/100 | C11: =B12/B11-1
A12: 10 | B12: =1+A12/100 | C12: =B13/B12-1
A13: 11 | B13: =1+A13/100 | C13: =B14/B13-1
A14: 12 | B14: =1+A14/100 | C14: =B15/B14-1
... A201: 199 | B201: =1+A201/100 | C201: =B202/B201-1
A202: 200 | B202: =1+A202/100

Sheet 暴击率乘区
A1: 总暴击率(%) | B1: 乘区系数 | C1: 每+1%边际收益 | E1: 说明
A2: 0 | B2: =1+MIN(A2,100)/100*参数!$B$7/100 | C2: =B3/B2-1 | E2: 期望暴击乘区按 1 + 暴击率 × 总暴伤 计算。该表固定总暴伤基线，由参数页控制。
A3: 1 | B3: =1+MIN(A3,100)/100*参数!$B$7/100 | C3: =B4/B3-1
A4: 2 | B4: =1+MIN(A4,100)/100*参数!$B$7/100 | C4: =B5/B4-1
A5: 3 | B5: =1+MIN(A5,100)/100*参数!$B$7/100 | C5: =B6/B5-1
A6: 4 | B6: =1+MIN(A6,100)/100*参数!$B$7/100 | C6: =B7/B6-1
A7: 5 | B7: =1+MIN(A7,100)/100*参数!$B$7/100 | C7: =B8/B7-1
A8: 6 | B8: =1+MIN(A8,100)/100*参数!$B$7/100 | C8: =B9/B8-1
A9: 7 | B9: =1+MIN(A9,100)/100*参数!$B$7/100 | C9: =B10/B9-1
A10: 8 | B10: =1+MIN(A10,100)/100*参数!$B$7/100 | C10: =B11/B10-1
A11: 9 | B11: =1+MIN(A11,100)/100*参数!$B$7/100 | C11: =B12/B11-1
A12: 10 | B12: =1+MIN(A12,100)/100*参数!$B$7/100 | C12: =B13/B12-1
A13: 11 | B13: =1+MIN(A13,100)/100*参数!$B$7/100 | C13: =B14/B13-1
A14: 12 | B14: =1+MIN(A14,100)/100*参数!$B$7/100 | C14: =B15/B14-1
... A101: 99 | B101: =1+MIN(A101,100)/100*参数!$B$7/100 | C101: =B102/B101-1
A102: 100 | B102: =1+MIN(A102,100)/100*参数!$B$7/100

Sheet 暴击伤害乘区
A1: 总暴伤(%) | B1: 乘区系数 | C1: 每+1%边际收益 | E1: 说明
A2: 0 | B2: =1+参数!$B$8/100*A2/100 | C2: =B3/B2-1 | E2: 期望暴击乘区按 1 + 总暴击率 × 暴伤 计算。该表固定总暴击率基线，由参数页控制。
A3: 1 | B3: =1+参数!$B$8/100*A3/100 | C3: =B4/B3-1
A4: 2 | B4: =1+参数!$B$8/100*A4/100 | C4: =B5/B4-1
A5: 3 | B5: =1+参数!$B$8/100*A5/100 | C5: =B6/B5-1
A6: 4 | B6: =1+参数!$B$8/100*A6/100 | C6: =B7/B6-1
A7: 5 | B7: =1+参数!$B$8/100*A7/100 | C7: =B8/B7-1
A8: 6 | B8: =1+参数!$B$8/100*A8/100 | C8: =B9/B8-1
A9: 7 | B9: =1+参数!$B$8/100*A9/100 | C9: =B10/B9-1
A10: 8 | B10: =1+参数!$B$8/100*A10/100 | C10: =B11/B10-1
A11: 9 | B11: =1+参数!$B$8/100*A11/100 | C11: =B12/B11-1
A12: 10 | B12: =1+参数!$B$8/100*A12/100 | C12: =B13/B12-1
A13: 11 | B13: =1+参数!$B$8/100*A13/100 | C13: =B14/B13-1
A14: 12 | B14: =1+参数!$B$8/100*A14/100 | C14: =B15/B14-1
... A301: 299 | B301: =1+参数!$B$8/100*A301/100 | C301: =B302/B301-1
A302: 300 | B302: =1+参数!$B$8/100*A302/100

Sheet 防御乘区
A1: 减防/无视防御(%) | B1: 乘区系数 | C1: 每+1%边际收益 | E1: 说明
A2: 0 | B2: =1-(((200+10*参数!$B$3)*(1-A2/100))/(((200+10*参数!$B$3)*(1-A2/100))+200+10*参数!$B$2)) | C2: =B3/B2-1 | E2: 按 Star Rail 常用防御公式折算。默认怪物等级 80，减防/无视防御从 0% 到 100% 拉出收益曲线。
A3: 1 | B3: =1-(((200+10*参数!$B$3)*(1-A3/100))/(((200+10*参数!$B$3)*(1-A3/100))+200+10*参数!$B$2)) | C3: =B4/B3-1
A4: 2 | B4: =1-(((200+10*参数!$B$3)*(1-A4/100))/(((200+10*参数!$B$3)*(1-A4/100))+200+10*参数!$B$2)) | C4: =B5/B4-1
A5: 3 | B5: =1-(((200+10*参数!$B$3)*(1-A5/100))/(((200+10*参数!$B$3)*(1-A5/100))+200+10*参数!$B$2)) | C5: =B6/B5-1
A6: 4 | B6: =1-(((200+10*参数!$B$3)*(1-A6/100))/(((200+10*参数!$B$3)*(1-A6/100))+200+10*参数!$B$2)) | C6: =B7/B6-1
A7: 5 | B7: =1-(((200+10*参数!$B$3)*(1-A7/100))/(((200+10*参数!$B$3)*(1-A7/100))+200+10*参数!$B$2)) | C7: =B8/B7-1
A8: 6 | B8: =1-(((200+10*参数!$B$3)*(1-A8/100))/(((200+10*参数!$B$3)*(1-A8/100))+200+10*参数!$B$2)) | C8: =B9/B8-1
A9: 7 | B9: =1-(((200+10*参数!$B$3)*(1-A9/100))/(((200+10*参数!$B$3)*(1-A9/100))+200+10*参数!$B$2)) | C9: =B10/B9-1
A10: 8 | B10: =1-(((200+10*参数!$B$3)*(1-A10/100))/(((200+10*参数!$B$3)*(1-A10/100))+200+10*参数!$B$2)) | C10: =B11/B10-1
A11: 9 | B11: =1-(((200+10*参数!$B$3)*(1-A11/100))/(((200+10*参数!$B$3)*(1-A11/100))+200+10*参数!$B$2)) | C11: =B12/B11-1
A12: 10 | B12: =1-(((200+10*参数!$B$3)*(1-A12/100))/(((200+10*参数!$B$3)*(1-A12/100))+200+10*参数!$B$2)) | C12: =B13/B12-1
A13: 11 | B13: =1-(((200+10*参数!$B$3)*(1-A13/100))/(((200+10*参数!$B$3)*(1-A13/100))+200+10*参数!$B$2)) | C13: =B14/B13-1
A14: 12 | B14: =1-(((200+10*参数!$B$3)*(1-A14/100))/(((200+10*参数!$B$3)*(1-A14/100))+200+10*参数!$B$2)) | C14: =B15/B14-1
... A101: 99 | B101: =1-(((200+10*参数!$B$3)*(1-A101/100))/(((200+10*参数!$B$3)*(1-A101/100))+200+10*参数!$B$2)) | C101: =B102/B101-1
A102: 100 | B102: =1-(((200+10*参数!$B$3)*(1-A102/100))/(((200+10*参数!$B$3)*(1-A102/100))+200+10*参数!$B$2))

Sheet 抗性乘区
A1: 抗穿/减抗(%) | B1: 乘区系数 | C1: 每+1%边际收益 | E1: 说明
A2: 0 | B2: =1-MAX(-100,MIN(90,参数!$B$4-A2))/100 | C2: =B3/B2-1 | E2: 抗性乘区按 1 - 最终抗性 折算，最终抗性会被限制在 -100% 到 90%。目标基础抗性可在参数页调整。
A3: 1 | B3: =1-MAX(-100,MIN(90,参数!$B$4-A3))/100 | C3: =B4/B3-1
A4: 2 | B4: =1-MAX(-100,MIN(90,参数!$B$4-A4))/100 | C4: =B5/B4-1
A5: 3 | B5: =1-MAX(-100,MIN(90,参数!$B$4-A5))/100 | C5: =B6/B5-1
A6: 4 | B6: =1-MAX(-100,MIN(90,参数!$B$4-A6))/100 | C6: =B7/B6-1
A7: 5 | B7: =1-MAX(-100,MIN(90,参数!$B$4-A7))/100 | C7: =B8/B7-1
A8: 6 | B8: =1-MAX(-100,MIN(90,参数!$B$4-A8))/100 | C8: =B9/B8-1
A9: 7 | B9: =1-MAX(-100,MIN(90,参数!$B$4-A9))/100 | C9: =B10/B9-1
A10: 8 | B10: =1-MAX(-100,MIN(90,参数!$B$4-A10))/100 | C10: =B11/B10-1
A11: 9 | B11: =1-MAX(-100,MIN(90,参数!$B$4-A11))/100 | C11: =B12/B11-1
A12: 10 | B12: =1-MAX(-100,MIN(90,参数!$B$4-A12))/100 | C12: =B13/B12-1
A13: 11 | B13: =1-MAX(-100,MIN(90,参数!$B$4-A13))/100 | C13: =B14/B13-1
A14: 12 | B14: =1-MAX(-100,MIN(90,参数!$B$4-A14))/100 | C14: =B15/B14-1
... A121: 119 | B121: =1-MAX(-100,MIN(90,参数!$B$4-A121))/100 | C121: =B122/B121-1
A122: 120 | B122: =1-MAX(-100,MIN(90,参数!$B$4-A122))/100

Sheet 减伤乘区
A1: 敌方减伤(%) | B1: 乘区系数 | C1: 每+1%边际收益 | E1: 说明
A2: 0 | B2: =(1-A2/100)*IF(参数!$B$6="是",1,0.9) | C2: =B3/B2-1 | E2: 减伤乘区按 (1 - 敌方减伤) 计算；若敌人尚未击破弱点，则额外乘 0.9 的韧性减伤。
A3: 1 | B3: =(1-A3/100)*IF(参数!$B$6="是",1,0.9) | C3: =B4/B3-1
A4: 2 | B4: =(1-A4/100)*IF(参数!$B$6="是",1,0.9) | C4: =B5/B4-1
A5: 3 | B5: =(1-A5/100)*IF(参数!$B$6="是",1,0.9) | C5: =B6/B5-1
A6: 4 | B6: =(1-A6/100)*IF(参数!$B$6="是",1,0.9) | C6: =B7/B6-1
A7: 5 | B7: =(1-A7/100)*IF(参数!$B$6="是",1,0.9) | C7: =B8/B7-1
A8: 6 | B8: =(1-A8/100)*IF(参数!$B$6="是",1,0.9) | C8: =B9/B8-1
A9: 7 | B9: =(1-A9/100)*IF(参数!$B$6="是",1,0.9) | C9: =B10/B9-1
A10: 8 | B10: =(1-A10/100)*IF(参数!$B$6="是",1,0.9) | C10: =B11/B10-1
A11: 9 | B11: =(1-A11/100)*IF(参数!$B$6="是",1,0.9) | C11: =B12/B11-1
A12: 10 | B12: =(1-A12/100)*IF(参数!$B$6="是",1,0.9) | C12: =B13/B12-1
A13: 11 | B13: =(1-A13/100)*IF(参数!$B$6="是",1,0.9) | C13: =B14/B13-1
A14: 12 | B14: =(1-A14/100)*IF(参数!$B$6="是",1,0.9) | C14: =B15/B14-1
... A91: 89 | B91: =(1-A91/100)*IF(参数!$B$6="是",1,0.9) | C91: =B92/B91-1
A92: 90 | B92: =(1-A92/100)*IF(参数!$B$6="是",1,0.9)
